operacion,estructura,tipoInsercion,n,m,capacidad,repeticion,semilla,tiempoNanosegundos,altura,encontrados
busqueda,Lista,aleatoria,100,1000,0,1,1001,115200,0,1000
busqueda,ABB,aleatoria,100,1000,0,1,1001,90900,13,1000
busqueda,ABB,ordenada,100,1000,0,1,1001,153000,100,1000
busqueda,B+,aleatoria,100,1000,32,1,1001,85200,2,1000
busqueda,B+,ordenada,100,1000,32,1,1001,79100,2,1000
busqueda,Lista,aleatoria,100,1000,0,2,1002,83800,0,1000
busqueda,ABB,aleatoria,100,1000,0,2,1002,92200,17,1000
busqueda,ABB,ordenada,100,1000,0,2,1002,152200,100,1000
busqueda,B+,aleatoria,100,1000,32,2,1002,100500,2,1000
busqueda,B+,ordenada,100,1000,32,2,1002,84700,2,1000
busqueda,Lista,aleatoria,100,1000,0,3,1003,175900,0,1000
busqueda,ABB,aleatoria,100,1000,0,3,1003,527500,13,1000
busqueda,ABB,ordenada,100,1000,0,3,1003,167300,100,1000
busqueda,B+,aleatoria,100,1000,32,3,1003,88900,2,1000
busqueda,B+,ordenada,100,1000,32,3,1003,87200,2,1000
busqueda,Lista,aleatoria,100,1000,0,4,1004,115000,0,1000
busqueda,ABB,aleatoria,100,1000,0,4,1004,87800,12,1000
busqueda,ABB,ordenada,100,1000,0,4,1004,175700,100,1000
busqueda,B+,aleatoria,100,1000,32,4,1004,66500,2,1000
busqueda,B+,ordenada,100,1000,32,4,1004,107600,2,1000
busqueda,Lista,aleatoria,100,1000,0,5,1005,120400,0,1000
busqueda,ABB,aleatoria,100,1000,0,5,1005,90800,13,1000
busqueda,ABB,ordenada,100,1000,0,5,1005,162400,100,1000
busqueda,B+,aleatoria,100,1000,32,5,1005,88800,2,1000
busqueda,B+,ordenada,100,1000,32,5,1005,65400,2,1000
busqueda,Lista,aleatoria,100,1000,0,6,1006,118900,0,1000
busqueda,ABB,aleatoria,100,1000,0,6,1006,100900,13,1000
busqueda,ABB,ordenada,100,1000,0,6,1006,151700,100,1000
busqueda,B+,aleatoria,100,1000,32,6,1006,67000,2,1000
busqueda,B+,ordenada,100,1000,32,6,1006,84500,2,1000
busqueda,Lista,aleatoria,100,1000,0,7,1007,83000,0,1000
busqueda,ABB,aleatoria,100,1000,0,7,1007,72000,18,1000
busqueda,ABB,ordenada,100,1000,0,7,1007,159600,100,1000
busqueda,B+,aleatoria,100,1000,32,7,1007,81700,2,1000
busqueda,B+,ordenada,100,1000,32,7,1007,85800,2,1000
busqueda,Lista,aleatoria,100,1000,0,8,1008,104900,0,1000
busqueda,ABB,aleatoria,100,1000,0,8,1008,82600,14,1000
busqueda,ABB,ordenada,100,1000,0,8,1008,147500,100,1000
busqueda,B+,aleatoria,100,1000,32,8,1008,76100,2,1000
busqueda,B+,ordenada,100,1000,32,8,1008,84600,2,1000
busqueda,Lista,aleatoria,100,1000,0,9,1009,80200,0,1000
busqueda,ABB,aleatoria,100,1000,0,9,1009,77000,14,1000
busqueda,ABB,ordenada,100,1000,0,9,1009,162500,100,1000
busqueda,B+,aleatoria,100,1000,32,9,1009,77600,2,1000
busqueda,B+,ordenada,100,1000,32,9,1009,85200,2,1000
busqueda,Lista,aleatoria,100,1000,0,10,1010,109800,0,1000
busqueda,ABB,aleatoria,100,1000,0,10,1010,85500,14,1000
busqueda,ABB,ordenada,100,1000,0,10,1010,156700,100,1000
busqueda,B+,aleatoria,100,1000,32,10,1010,80900,2,1000
busqueda,B+,ordenada,100,1000,32,10,1010,82300,2,1000
busqueda,Lista,aleatoria,100,1000,0,11,1011,102600,0,1000
busqueda,ABB,aleatoria,100,1000,0,11,1011,86600,11,1000
busqueda,ABB,ordenada,100,1000,0,11,1011,151900,100,1000
busqueda,B+,aleatoria,100,1000,32,11,1011,64100,2,1000
busqueda,B+,ordenada,100,1000,32,11,1011,81800,2,1000
busqueda,Lista,aleatoria,100,1000,0,12,1012,109500,0,1000
busqueda,ABB,aleatoria,100,1000,0,12,1012,87400,11,1000
busqueda,ABB,ordenada,100,1000,0,12,1012,153100,100,1000
busqueda,B+,aleatoria,100,1000,32,12,1012,80700,2,1000
busqueda,B+,ordenada,100,1000,32,12,1012,78700,2,1000
busqueda,Lista,aleatoria,100,1000,0,13,1013,104900,0,1000
busqueda,ABB,aleatoria,100,1000,0,13,1013,134800,14,1000
busqueda,ABB,ordenada,100,1000,0,13,1013,160000,100,1000
busqueda,B+,aleatoria,100,1000,32,13,1013,80100,2,1000
busqueda,B+,ordenada,100,1000,32,13,1013,86500,2,1000
busqueda,Lista,aleatoria,100,1000,0,14,1014,110900,0,1000
busqueda,ABB,aleatoria,100,1000,0,14,1014,89400,15,1000
busqueda,ABB,ordenada,100,1000,0,14,1014,165300,100,1000
busqueda,B+,aleatoria,100,1000,32,14,1014,81500,2,1000
busqueda,B+,ordenada,100,1000,32,14,1014,84300,2,1000
busqueda,Lista,aleatoria,100,1000,0,15,1015,114500,0,1000
busqueda,ABB,aleatoria,100,1000,0,15,1015,87300,11,1000
busqueda,ABB,ordenada,100,1000,0,15,1015,154200,100,1000
busqueda,B+,aleatoria,100,1000,32,15,1015,126600,2,1000
busqueda,B+,ordenada,100,1000,32,15,1015,83200,2,1000
busqueda,Lista,aleatoria,100,1000,0,16,1016,114400,0,1000
busqueda,ABB,aleatoria,100,1000,0,16,1016,87100,11,1000
busqueda,ABB,ordenada,100,1000,0,16,1016,142600,100,1000
busqueda,B+,aleatoria,100,1000,32,16,1016,80600,2,1000
busqueda,B+,ordenada,100,1000,32,16,1016,77500,2,1000
busqueda,Lista,aleatoria,100,1000,0,17,1017,107600,0,1000
busqueda,ABB,aleatoria,100,1000,0,17,1017,88900,11,1000
busqueda,ABB,ordenada,100,1000,0,17,1017,156600,100,1000
busqueda,B+,aleatoria,100,1000,32,17,1017,65300,2,1000
busqueda,B+,ordenada,100,1000,32,17,1017,63900,2,1000
busqueda,Lista,aleatoria,100,1000,0,18,1018,108400,0,1000
busqueda,ABB,aleatoria,100,1000,0,18,1018,87500,13,1000
busqueda,ABB,ordenada,100,1000,0,18,1018,138800,100,1000
busqueda,B+,aleatoria,100,1000,32,18,1018,89300,2,1000
busqueda,B+,ordenada,100,1000,32,18,1018,83400,2,1000
busqueda,Lista,aleatoria,100,1000,0,19,1019,104100,0,1000
busqueda,ABB,aleatoria,100,1000,0,19,1019,69900,13,1000
busqueda,ABB,ordenada,100,1000,0,19,1019,323800,100,1000
busqueda,B+,aleatoria,100,1000,32,19,1019,80300,2,1000
busqueda,B+,ordenada,100,1000,32,19,1019,64200,2,1000
busqueda,Lista,aleatoria,100,1000,0,20,1020,121400,0,1000
busqueda,ABB,aleatoria,100,1000,0,20,1020,75200,12,1000
busqueda,ABB,ordenada,100,1000,0,20,1020,142700,100,1000
busqueda,B+,aleatoria,100,1000,32,20,1020,68300,2,1000
busqueda,B+,ordenada,100,1000,32,20,1020,87400,2,1000
busqueda,Lista,aleatoria,100,1000,0,21,1021,236400,0,1000
busqueda,ABB,aleatoria,100,1000,0,21,1021,98700,15,1000
busqueda,ABB,ordenada,100,1000,0,21,1021,155400,100,1000
busqueda,B+,aleatoria,100,1000,32,21,1021,82900,2,1000
busqueda,B+,ordenada,100,1000,32,21,1021,77700,2,1000
busqueda,Lista,aleatoria,100,1000,0,22,1022,108200,0,1000
busqueda,ABB,aleatoria,100,1000,0,22,1022,98900,12,1000
busqueda,ABB,ordenada,100,1000,0,22,1022,153200,100,1000
busqueda,B+,aleatoria,100,1000,32,22,1022,82200,2,1000
busqueda,B+,ordenada,100,1000,32,22,1022,76200,2,1000
busqueda,Lista,aleatoria,100,1000,0,23,1023,104500,0,1000
busqueda,ABB,aleatoria,100,1000,0,23,1023,72900,15,1000
busqueda,ABB,ordenada,100,1000,0,23,1023,158800,100,1000
busqueda,B+,aleatoria,100,1000,32,23,1023,83100,2,1000
busqueda,B+,ordenada,100,1000,32,23,1023,90300,2,1000
busqueda,Lista,aleatoria,100,1000,0,24,1024,110300,0,1000
busqueda,ABB,aleatoria,100,1000,0,24,1024,93400,14,1000
busqueda,ABB,ordenada,100,1000,0,24,1024,149900,100,1000
busqueda,B+,aleatoria,100,1000,32,24,1024,85500,2,1000
busqueda,B+,ordenada,100,1000,32,24,1024,78100,2,1000
busqueda,Lista,aleatoria,100,1000,0,25,1025,113700,0,1000
busqueda,ABB,aleatoria,100,1000,0,25,1025,90100,15,1000
busqueda,ABB,ordenada,100,1000,0,25,1025,158300,100,1000
busqueda,B+,aleatoria,100,1000,32,25,1025,84100,2,1000
busqueda,B+,ordenada,100,1000,32,25,1025,83800,2,1000
busqueda,Lista,aleatoria,100,1000,0,26,1026,106400,0,1000
busqueda,ABB,aleatoria,100,1000,0,26,1026,92600,13,1000
busqueda,ABB,ordenada,100,1000,0,26,1026,152300,100,1000
busqueda,B+,aleatoria,100,1000,32,26,1026,83000,2,1000
busqueda,B+,ordenada,100,1000,32,26,1026,84300,2,1000
busqueda,Lista,aleatoria,100,1000,0,27,1027,118600,0,1000
busqueda,ABB,aleatoria,100,1000,0,27,1027,88700,13,1000
busqueda,ABB,ordenada,100,1000,0,27,1027,162600,100,1000
busqueda,B+,aleatoria,100,1000,32,27,1027,91200,2,1000
busqueda,B+,ordenada,100,1000,32,27,1027,82000,2,1000
busqueda,Lista,aleatoria,100,1000,0,28,1028,103000,0,1000
busqueda,ABB,aleatoria,100,1000,0,28,1028,107100,13,1000
busqueda,ABB,ordenada,100,1000,0,28,1028,174000,100,1000
busqueda,B+,aleatoria,100,1000,32,28,1028,95800,2,1000
busqueda,B+,ordenada,100,1000,32,28,1028,92600,2,1000
busqueda,Lista,aleatoria,100,1000,0,29,1029,106000,0,1000
busqueda,ABB,aleatoria,100,1000,0,29,1029,122000,14,1000
busqueda,ABB,ordenada,100,1000,0,29,1029,148700,100,1000
busqueda,B+,aleatoria,100,1000,32,29,1029,170800,2,1000
busqueda,B+,ordenada,100,1000,32,29,1029,68400,2,1000
busqueda,Lista,aleatoria,100,1000,0,30,1030,80200,0,1000
busqueda,ABB,aleatoria,100,1000,0,30,1030,62200,13,1000
busqueda,ABB,ordenada,100,1000,0,30,1030,124900,100,1000
busqueda,B+,aleatoria,100,1000,32,30,1030,72700,2,1000
busqueda,B+,ordenada,100,1000,32,30,1030,40400,2,1000
busqueda,Lista,aleatoria,500,1000,0,1,1001,344600,0,1000
busqueda,ABB,aleatoria,500,1000,0,1,1001,77800,19,1000
busqueda,ABB,ordenada,500,1000,0,1,1001,614200,500,1000
busqueda,B+,aleatoria,500,1000,32,1,1001,61300,2,1000
busqueda,B+,ordenada,500,1000,32,1,1001,59000,2,1000
busqueda,Lista,aleatoria,500,1000,0,2,1002,355400,0,1000
busqueda,ABB,aleatoria,500,1000,0,2,1002,120800,20,1000
busqueda,ABB,ordenada,500,1000,0,2,1002,555100,500,1000
busqueda,B+,aleatoria,500,1000,32,2,1002,55600,2,1000
busqueda,B+,ordenada,500,1000,32,2,1002,59100,2,1000
busqueda,Lista,aleatoria,500,1000,0,3,1003,296300,0,1000
busqueda,ABB,aleatoria,500,1000,0,3,1003,88400,23,1000
busqueda,ABB,ordenada,500,1000,0,3,1003,493300,500,1000
busqueda,B+,aleatoria,500,1000,32,3,1003,57300,2,1000
busqueda,B+,ordenada,500,1000,32,3,1003,53000,2,1000
busqueda,Lista,aleatoria,500,1000,0,4,1004,270300,0,1000
busqueda,ABB,aleatoria,500,1000,0,4,1004,95900,22,1000
busqueda,ABB,ordenada,500,1000,0,4,1004,503100,500,1000
busqueda,B+,aleatoria,500,1000,32,4,1004,55900,2,1000
busqueda,B+,ordenada,500,1000,32,4,1004,53700,2,1000
busqueda,Lista,aleatoria,500,1000,0,5,1005,280900,0,1000
busqueda,ABB,aleatoria,500,1000,0,5,1005,76700,17,1000
busqueda,ABB,ordenada,500,1000,0,5,1005,514000,500,1000
busqueda,B+,aleatoria,500,1000,32,5,1005,58000,2,1000
busqueda,B+,ordenada,500,1000,32,5,1005,55900,2,1000
busqueda,Lista,aleatoria,500,1000,0,6,1006,309300,0,1000
busqueda,ABB,aleatoria,500,1000,0,6,1006,87600,18,1000
busqueda,ABB,ordenada,500,1000,0,6,1006,571900,500,1000
busqueda,B+,aleatoria,500,1000,32,6,1006,57000,2,1000
busqueda,B+,ordenada,500,1000,32,6,1006,60100,2,1000
busqueda,Lista,aleatoria,500,1000,0,7,1007,337300,0,1000
busqueda,ABB,aleatoria,500,1000,0,7,1007,95800,16,1000
busqueda,ABB,ordenada,500,1000,0,7,1007,614600,500,1000
busqueda,B+,aleatoria,500,1000,32,7,1007,47900,2,1000
busqueda,B+,ordenada,500,1000,32,7,1007,57900,2,1000
busqueda,Lista,aleatoria,500,1000,0,8,1008,215900,0,1000
busqueda,ABB,aleatoria,500,1000,0,8,1008,93200,19,1000
busqueda,ABB,ordenada,500,1000,0,8,1008,560900,500,1000
busqueda,B+,aleatoria,500,1000,32,8,1008,60800,2,1000
busqueda,B+,ordenada,500,1000,32,8,1008,55300,2,1000
busqueda,Lista,aleatoria,500,1000,0,9,1009,268100,0,1000
busqueda,ABB,aleatoria,500,1000,0,9,1009,92200,18,1000
busqueda,ABB,ordenada,500,1000,0,9,1009,522300,500,1000
busqueda,B+,aleatoria,500,1000,32,9,1009,54900,2,1000
busqueda,B+,ordenada,500,1000,32,9,1009,48300,2,1000
busqueda,Lista,aleatoria,500,1000,0,10,1010,307200,0,1000
busqueda,ABB,aleatoria,500,1000,0,10,1010,85600,21,1000
busqueda,ABB,ordenada,500,1000,0,10,1010,542400,500,1000
busqueda,B+,aleatoria,500,1000,32,10,1010,56000,2,1000
busqueda,B+,ordenada,500,1000,32,10,1010,45500,2,1000
busqueda,Lista,aleatoria,500,1000,0,11,1011,221000,0,1000
busqueda,ABB,aleatoria,500,1000,0,11,1011,89600,19,1000
busqueda,ABB,ordenada,500,1000,0,11,1011,499900,500,1000
busqueda,B+,aleatoria,500,1000,32,11,1011,46700,2,1000
busqueda,B+,ordenada,500,1000,32,11,1011,59300,2,1000
busqueda,Lista,aleatoria,500,1000,0,12,1012,190300,0,1000
busqueda,ABB,aleatoria,500,1000,0,12,1012,89500,20,1000
busqueda,ABB,ordenada,500,1000,0,12,1012,541300,500,1000
busqueda,B+,aleatoria,500,1000,32,12,1012,55300,2,1000
busqueda,B+,ordenada,500,1000,32,12,1012,59600,2,1000
busqueda,Lista,aleatoria,500,1000,0,13,1013,318300,0,1000
busqueda,ABB,aleatoria,500,1000,0,13,1013,402300,18,1000
busqueda,ABB,ordenada,500,1000,0,13,1013,544500,500,1000
busqueda,B+,aleatoria,500,1000,32,13,1013,65000,2,1000
busqueda,B+,ordenada,500,1000,32,13,1013,60600,2,1000
busqueda,Lista,aleatoria,500,1000,0,14,1014,338800,0,1000
busqueda,ABB,aleatoria,500,1000,0,14,1014,103300,20,1000
busqueda,ABB,ordenada,500,1000,0,14,1014,619500,500,1000
busqueda,B+,aleatoria,500,1000,32,14,1014,51300,2,1000
busqueda,B+,ordenada,500,1000,32,14,1014,55800,2,1000
busqueda,Lista,aleatoria,500,1000,0,15,1015,204800,0,1000
busqueda,ABB,aleatoria,500,1000,0,15,1015,89900,17,1000
busqueda,ABB,ordenada,500,1000,0,15,1015,672900,500,1000
busqueda,B+,aleatoria,500,1000,32,15,1015,72700,2,1000
busqueda,B+,ordenada,500,1000,32,15,1015,71200,2,1000
busqueda,Lista,aleatoria,500,1000,0,16,1016,185500,0,1000
busqueda,ABB,aleatoria,500,1000,0,16,1016,79400,18,1000
busqueda,ABB,ordenada,500,1000,0,16,1016,488700,500,1000
busqueda,B+,aleatoria,500,1000,32,16,1016,46800,2,1000
busqueda,B+,ordenada,500,1000,32,16,1016,50700,2,1000
busqueda,Lista,aleatoria,500,1000,0,17,1017,319500,0,1000
busqueda,ABB,aleatoria,500,1000,0,17,1017,81000,22,1000
busqueda,ABB,ordenada,500,1000,0,17,1017,538100,500,1000
busqueda,B+,aleatoria,500,1000,32,17,1017,46200,2,1000
busqueda,B+,ordenada,500,1000,32,17,1017,46200,2,1000
busqueda,Lista,aleatoria,500,1000,0,18,1018,180500,0,1000
busqueda,ABB,aleatoria,500,1000,0,18,1018,69500,18,1000
busqueda,ABB,ordenada,500,1000,0,18,1018,462500,500,1000
busqueda,B+,aleatoria,500,1000,32,18,1018,45700,2,1000
busqueda,B+,ordenada,500,1000,32,18,1018,46900,2,1000
busqueda,Lista,aleatoria,500,1000,0,19,1019,188200,0,1000
busqueda,ABB,aleatoria,500,1000,0,19,1019,88300,21,1000
busqueda,ABB,ordenada,500,1000,0,19,1019,479100,500,1000
busqueda,B+,aleatoria,500,1000,32,19,1019,47000,2,1000
busqueda,B+,ordenada,500,1000,32,19,1019,47300,2,1000
busqueda,Lista,aleatoria,500,1000,0,20,1020,187100,0,1000
busqueda,ABB,aleatoria,500,1000,0,20,1020,162100,20,1000
busqueda,ABB,ordenada,500,1000,0,20,1020,483300,500,1000
busqueda,B+,aleatoria,500,1000,32,20,1020,121900,2,1000
busqueda,B+,ordenada,500,1000,32,20,1020,58400,2,1000
busqueda,Lista,aleatoria,500,1000,0,21,1021,192000,0,1000
busqueda,ABB,aleatoria,500,1000,0,21,1021,65100,18,1000
busqueda,ABB,ordenada,500,1000,0,21,1021,479600,500,1000
busqueda,B+,aleatoria,500,1000,32,21,1021,36600,2,1000
busqueda,B+,ordenada,500,1000,32,21,1021,36300,2,1000
busqueda,Lista,aleatoria,500,1000,0,22,1022,213600,0,1000
busqueda,ABB,aleatoria,500,1000,0,22,1022,85100,19,1000
busqueda,ABB,ordenada,500,1000,0,22,1022,455200,500,1000
busqueda,B+,aleatoria,500,1000,32,22,1022,36700,2,1000
busqueda,B+,ordenada,500,1000,32,22,1022,36800,2,1000
busqueda,Lista,aleatoria,500,1000,0,23,1023,190100,0,1000
busqueda,ABB,aleatoria,500,1000,0,23,1023,69600,17,1000
busqueda,ABB,ordenada,500,1000,0,23,1023,449700,500,1000
busqueda,B+,aleatoria,500,1000,32,23,1023,36100,2,1000
busqueda,B+,ordenada,500,1000,32,23,1023,35900,2,1000
busqueda,Lista,aleatoria,500,1000,0,24,1024,183700,0,1000
busqueda,ABB,aleatoria,500,1000,0,24,1024,65300,21,1000
busqueda,ABB,ordenada,500,1000,0,24,1024,473200,500,1000
busqueda,B+,aleatoria,500,1000,32,24,1024,36900,2,1000
busqueda,B+,ordenada,500,1000,32,24,1024,40800,2,1000
busqueda,Lista,aleatoria,500,1000,0,25,1025,199900,0,1000
busqueda,ABB,aleatoria,500,1000,0,25,1025,70600,19,1000
busqueda,ABB,ordenada,500,1000,0,25,1025,451100,500,1000
busqueda,B+,aleatoria,500,1000,32,25,1025,36000,2,1000
busqueda,B+,ordenada,500,1000,32,25,1025,36300,2,1000
busqueda,Lista,aleatoria,500,1000,0,26,1026,190900,0,1000
busqueda,ABB,aleatoria,500,1000,0,26,1026,62800,19,1000
busqueda,ABB,ordenada,500,1000,0,26,1026,472100,500,1000
busqueda,B+,aleatoria,500,1000,32,26,1026,36700,2,1000
busqueda,B+,ordenada,500,1000,32,26,1026,36800,2,1000
busqueda,Lista,aleatoria,500,1000,0,27,1027,285600,0,1000
busqueda,ABB,aleatoria,500,1000,0,27,1027,66300,17,1000
busqueda,ABB,ordenada,500,1000,0,27,1027,483900,500,1000
busqueda,B+,aleatoria,500,1000,32,27,1027,36900,2,1000
busqueda,B+,ordenada,500,1000,32,27,1027,37300,2,1000
busqueda,Lista,aleatoria,500,1000,0,28,1028,188700,0,1000
busqueda,ABB,aleatoria,500,1000,0,28,1028,61600,17,1000
busqueda,ABB,ordenada,500,1000,0,28,1028,461000,500,1000
busqueda,B+,aleatoria,500,1000,32,28,1028,36000,2,1000
busqueda,B+,ordenada,500,1000,32,28,1028,37200,2,1000
busqueda,Lista,aleatoria,500,1000,0,29,1029,156300,0,1000
busqueda,ABB,aleatoria,500,1000,0,29,1029,60800,21,1000
busqueda,ABB,ordenada,500,1000,0,29,1029,474400,500,1000
busqueda,B+,aleatoria,500,1000,32,29,1029,38100,2,1000
busqueda,B+,ordenada,500,1000,32,29,1029,38300,2,1000
busqueda,Lista,aleatoria,500,1000,0,30,1030,171600,0,1000
busqueda,ABB,aleatoria,500,1000,0,30,1030,60400,19,1000
busqueda,ABB,ordenada,500,1000,0,30,1030,508100,500,1000
busqueda,B+,aleatoria,500,1000,32,30,1030,37500,2,1000
busqueda,B+,ordenada,500,1000,32,30,1030,37300,2,1000
busqueda,Lista,aleatoria,1000,1000,0,1,1001,393400,0,1000
busqueda,ABB,aleatoria,1000,1000,0,1,1001,87800,24,1000
busqueda,ABB,ordenada,1000,1000,0,1,1001,940100,1000,1000
busqueda,B+,aleatoria,1000,1000,32,1,1001,47800,3,1000
busqueda,B+,ordenada,1000,1000,32,1,1001,47500,3,1000
busqueda,Lista,aleatoria,1000,1000,0,2,1002,368900,0,1000
busqueda,ABB,aleatoria,1000,1000,0,2,1002,78100,21,1000
busqueda,ABB,ordenada,1000,1000,0,2,1002,974100,1000,1000
busqueda,B+,aleatoria,1000,1000,32,2,1002,48900,3,1000
busqueda,B+,ordenada,1000,1000,32,2,1002,46200,3,1000
busqueda,Lista,aleatoria,1000,1000,0,3,1003,378200,0,1000
busqueda,ABB,aleatoria,1000,1000,0,3,1003,79800,21,1000
busqueda,ABB,ordenada,1000,1000,0,3,1003,956600,1000,1000
busqueda,B+,aleatoria,1000,1000,32,3,1003,48200,3,1000
busqueda,B+,ordenada,1000,1000,32,3,1003,47700,3,1000
busqueda,Lista,aleatoria,1000,1000,0,4,1004,501300,0,1000
busqueda,ABB,aleatoria,1000,1000,0,4,1004,80800,22,1000
busqueda,ABB,ordenada,1000,1000,0,4,1004,1177900,1000,1000
busqueda,B+,aleatoria,1000,1000,32,4,1004,47900,3,1000
busqueda,B+,ordenada,1000,1000,32,4,1004,53800,3,1000
busqueda,Lista,aleatoria,1000,1000,0,5,1005,652800,0,1000
busqueda,ABB,aleatoria,1000,1000,0,5,1005,102400,23,1000
busqueda,ABB,ordenada,1000,1000,0,5,1005,1058500,1000,1000
busqueda,B+,aleatoria,1000,1000,32,5,1005,47800,3,1000
busqueda,B+,ordenada,1000,1000,32,5,1005,46900,3,1000
busqueda,Lista,aleatoria,1000,1000,0,6,1006,568900,0,1000
busqueda,ABB,aleatoria,1000,1000,0,6,1006,92000,22,1000
busqueda,ABB,ordenada,1000,1000,0,6,1006,1086700,1000,1000
busqueda,B+,aleatoria,1000,1000,32,6,1006,59600,3,1000
busqueda,B+,ordenada,1000,1000,32,6,1006,59300,3,1000
busqueda,Lista,aleatoria,1000,1000,0,7,1007,890100,0,1000
busqueda,ABB,aleatoria,1000,1000,0,7,1007,78000,23,1000
busqueda,ABB,ordenada,1000,1000,0,7,1007,1109100,1000,1000
busqueda,B+,aleatoria,1000,1000,32,7,1007,46800,3,1000
busqueda,B+,ordenada,1000,1000,32,7,1007,45200,3,1000
busqueda,Lista,aleatoria,1000,1000,0,8,1008,421500,0,1000
busqueda,ABB,aleatoria,1000,1000,0,8,1008,75400,19,1000
busqueda,ABB,ordenada,1000,1000,0,8,1008,978600,1000,1000
busqueda,B+,aleatoria,1000,1000,32,8,1008,47600,3,1000
busqueda,B+,ordenada,1000,1000,32,8,1008,46400,3,1000
busqueda,Lista,aleatoria,1000,1000,0,9,1009,362800,0,1000
busqueda,ABB,aleatoria,1000,1000,0,9,1009,77400,22,1000
busqueda,ABB,ordenada,1000,1000,0,9,1009,952600,1000,1000
busqueda,B+,aleatoria,1000,1000,32,9,1009,46700,3,1000
busqueda,B+,ordenada,1000,1000,32,9,1009,44300,3,1000
busqueda,Lista,aleatoria,1000,1000,0,10,1010,511000,0,1000
busqueda,ABB,aleatoria,1000,1000,0,10,1010,76800,22,1000
busqueda,ABB,ordenada,1000,1000,0,10,1010,1039700,1000,1000
busqueda,B+,aleatoria,1000,1000,32,10,1010,48000,3,1000
busqueda,B+,ordenada,1000,1000,32,10,1010,52200,3,1000
busqueda,Lista,aleatoria,1000,1000,0,11,1011,568100,0,1000
busqueda,ABB,aleatoria,1000,1000,0,11,1011,92600,24,1000
busqueda,ABB,ordenada,1000,1000,0,11,1011,1418800,1000,1000
busqueda,B+,aleatoria,1000,1000,32,11,1011,45900,3,1000
busqueda,B+,ordenada,1000,1000,32,11,1011,53800,3,1000
busqueda,Lista,aleatoria,1000,1000,0,12,1012,619500,0,1000
busqueda,ABB,aleatoria,1000,1000,0,12,1012,93200,21,1000
busqueda,ABB,ordenada,1000,1000,0,12,1012,1129800,1000,1000
busqueda,B+,aleatoria,1000,1000,32,12,1012,47100,3,1000
busqueda,B+,ordenada,1000,1000,32,12,1012,58600,3,1000
busqueda,Lista,aleatoria,1000,1000,0,13,1013,398300,0,1000
busqueda,ABB,aleatoria,1000,1000,0,13,1013,97200,23,1000
busqueda,ABB,ordenada,1000,1000,0,13,1013,1042000,1000,1000
busqueda,B+,aleatoria,1000,1000,32,13,1013,58700,3,1000
busqueda,B+,ordenada,1000,1000,32,13,1013,45300,3,1000
busqueda,Lista,aleatoria,1000,1000,0,14,1014,381400,0,1000
busqueda,ABB,aleatoria,1000,1000,0,14,1014,78700,21,1000
busqueda,ABB,ordenada,1000,1000,0,14,1014,1093200,1000,1000
busqueda,B+,aleatoria,1000,1000,32,14,1014,47300,3,1000
busqueda,B+,ordenada,1000,1000,32,14,1014,46800,3,1000
busqueda,Lista,aleatoria,1000,1000,0,15,1015,403100,0,1000
busqueda,ABB,aleatoria,1000,1000,0,15,1015,107700,22,1000
busqueda,ABB,ordenada,1000,1000,0,15,1015,968700,1000,1000
busqueda,B+,aleatoria,1000,1000,32,15,1015,46700,3,1000
busqueda,B+,ordenada,1000,1000,32,15,1015,53000,3,1000
busqueda,Lista,aleatoria,1000,1000,0,16,1016,386800,0,1000
busqueda,ABB,aleatoria,1000,1000,0,16,1016,89200,23,1000
busqueda,ABB,ordenada,1000,1000,0,16,1016,955500,1000,1000
busqueda,B+,aleatoria,1000,1000,32,16,1016,46800,3,1000
busqueda,B+,ordenada,1000,1000,32,16,1016,52600,3,1000
busqueda,Lista,aleatoria,1000,1000,0,17,1017,636300,0,1000
busqueda,ABB,aleatoria,1000,1000,0,17,1017,79600,28,1000
busqueda,ABB,ordenada,1000,1000,0,17,1017,928100,1000,1000
busqueda,B+,aleatoria,1000,1000,32,17,1017,53200,3,1000
busqueda,B+,ordenada,1000,1000,32,17,1017,53700,3,1000
busqueda,Lista,aleatoria,1000,1000,0,18,1018,377800,0,1000
busqueda,ABB,aleatoria,1000,1000,0,18,1018,87100,22,1000
busqueda,ABB,ordenada,1000,1000,0,18,1018,946800,1000,1000
busqueda,B+,aleatoria,1000,1000,32,18,1018,48300,3,1000
busqueda,B+,ordenada,1000,1000,32,18,1018,47400,3,1000
busqueda,Lista,aleatoria,1000,1000,0,19,1019,410100,0,1000
busqueda,ABB,aleatoria,1000,1000,0,19,1019,116800,24,1000
busqueda,ABB,ordenada,1000,1000,0,19,1019,1110500,1000,1000
busqueda,B+,aleatoria,1000,1000,32,19,1019,58400,3,1000
busqueda,B+,ordenada,1000,1000,32,19,1019,60700,3,1000
busqueda,Lista,aleatoria,1000,1000,0,20,1020,596900,0,1000
busqueda,ABB,aleatoria,1000,1000,0,20,1020,118600,20,1000
busqueda,ABB,ordenada,1000,1000,0,20,1020,1283400,1000,1000
busqueda,B+,aleatoria,1000,1000,32,20,1020,56300,3,1000
busqueda,B+,ordenada,1000,1000,32,20,1020,55800,3,1000
busqueda,Lista,aleatoria,1000,1000,0,21,1021,381100,0,1000
busqueda,ABB,aleatoria,1000,1000,0,21,1021,82600,19,1000
busqueda,ABB,ordenada,1000,1000,0,21,1021,959700,1000,1000
busqueda,B+,aleatoria,1000,1000,32,21,1021,45900,3,1000
busqueda,B+,ordenada,1000,1000,32,21,1021,45700,3,1000
busqueda,Lista,aleatoria,1000,1000,0,22,1022,383300,0,1000
busqueda,ABB,aleatoria,1000,1000,0,22,1022,78300,21,1000
busqueda,ABB,ordenada,1000,1000,0,22,1022,925700,1000,1000
busqueda,B+,aleatoria,1000,1000,32,22,1022,47700,3,1000
busqueda,B+,ordenada,1000,1000,32,22,1022,47700,3,1000
busqueda,Lista,aleatoria,1000,1000,0,23,1023,371000,0,1000
busqueda,ABB,aleatoria,1000,1000,0,23,1023,79100,22,1000
busqueda,ABB,ordenada,1000,1000,0,23,1023,911100,1000,1000
busqueda,B+,aleatoria,1000,1000,32,23,1023,45300,3,1000
busqueda,B+,ordenada,1000,1000,32,23,1023,47000,3,1000
busqueda,Lista,aleatoria,1000,1000,0,24,1024,369500,0,1000
busqueda,ABB,aleatoria,1000,1000,0,24,1024,75900,22,1000
busqueda,ABB,ordenada,1000,1000,0,24,1024,936500,1000,1000
busqueda,B+,aleatoria,1000,1000,32,24,1024,48400,3,1000
busqueda,B+,ordenada,1000,1000,32,24,1024,46100,3,1000
busqueda,Lista,aleatoria,1000,1000,0,25,1025,389500,0,1000
busqueda,ABB,aleatoria,1000,1000,0,25,1025,79200,27,1000
busqueda,ABB,ordenada,1000,1000,0,25,1025,925200,1000,1000
busqueda,B+,aleatoria,1000,1000,32,25,1025,46100,3,1000
busqueda,B+,ordenada,1000,1000,32,25,1025,47400,3,1000
busqueda,Lista,aleatoria,1000,1000,0,26,1026,366300,0,1000
busqueda,ABB,aleatoria,1000,1000,0,26,1026,78900,24,1000
busqueda,ABB,ordenada,1000,1000,0,26,1026,964400,1000,1000
busqueda,B+,aleatoria,1000,1000,32,26,1026,47100,3,1000
busqueda,B+,ordenada,1000,1000,32,26,1026,46800,3,1000
busqueda,Lista,aleatoria,1000,1000,0,27,1027,680900,0,1000
busqueda,ABB,aleatoria,1000,1000,0,27,1027,75000,20,1000
busqueda,ABB,ordenada,1000,1000,0,27,1027,1046800,1000,1000
busqueda,B+,aleatoria,1000,1000,32,27,1027,49100,3,1000
busqueda,B+,ordenada,1000,1000,32,27,1027,48000,3,1000
busqueda,Lista,aleatoria,1000,1000,0,28,1028,376400,0,1000
busqueda,ABB,aleatoria,1000,1000,0,28,1028,91700,20,1000
busqueda,ABB,ordenada,1000,1000,0,28,1028,1140400,1000,1000
busqueda,B+,aleatoria,1000,1000,32,28,1028,51400,3,1000
busqueda,B+,ordenada,1000,1000,32,28,1028,50600,3,1000
busqueda,Lista,aleatoria,1000,1000,0,29,1029,584100,0,1000
busqueda,ABB,aleatoria,1000,1000,0,29,1029,95000,22,1000
busqueda,ABB,ordenada,1000,1000,0,29,1029,978900,1000,1000
busqueda,B+,aleatoria,1000,1000,32,29,1029,54100,3,1000
busqueda,B+,ordenada,1000,1000,32,29,1029,48600,3,1000
busqueda,Lista,aleatoria,1000,1000,0,30,1030,410200,0,1000
busqueda,ABB,aleatoria,1000,1000,0,30,1030,97700,21,1000
busqueda,ABB,ordenada,1000,1000,0,30,1030,945500,1000,1000
busqueda,B+,aleatoria,1000,1000,32,30,1030,46700,3,1000
busqueda,B+,ordenada,1000,1000,32,30,1030,48000,3,1000
busqueda,Lista,aleatoria,5000,1000,0,1,1001,2320300,0,1000
busqueda,ABB,aleatoria,5000,1000,0,1,1001,157200,29,1000
busqueda,ABB,ordenada,5000,1000,0,1,1001,4822600,5000,1000
busqueda,B+,aleatoria,5000,1000,32,1,1001,63900,3,1000
busqueda,B+,ordenada,5000,1000,32,1,1001,67100,3,1000
busqueda,Lista,aleatoria,5000,1000,0,2,1002,2190300,0,1000
busqueda,ABB,aleatoria,5000,1000,0,2,1002,161900,27,1000
busqueda,ABB,ordenada,5000,1000,0,2,1002,4775900,5000,1000
busqueda,B+,aleatoria,5000,1000,32,2,1002,72800,3,1000
busqueda,B+,ordenada,5000,1000,32,2,1002,90500,3,1000
busqueda,Lista,aleatoria,5000,1000,0,3,1003,2411500,0,1000
busqueda,ABB,aleatoria,5000,1000,0,3,1003,319400,25,1000
busqueda,ABB,ordenada,5000,1000,0,3,1003,4770400,5000,1000
busqueda,B+,aleatoria,5000,1000,32,3,1003,66400,3,1000
busqueda,B+,ordenada,5000,1000,32,3,1003,66800,3,1000
busqueda,Lista,aleatoria,5000,1000,0,4,1004,2175500,0,1000
busqueda,ABB,aleatoria,5000,1000,0,4,1004,167800,27,1000
busqueda,ABB,ordenada,5000,1000,0,4,1004,4721800,5000,1000
busqueda,B+,aleatoria,5000,1000,32,4,1004,79400,3,1000
busqueda,B+,ordenada,5000,1000,32,4,1004,63200,3,1000
busqueda,Lista,aleatoria,5000,1000,0,5,1005,2362500,0,1000
busqueda,ABB,aleatoria,5000,1000,0,5,1005,153600,27,1000
busqueda,ABB,ordenada,5000,1000,0,5,1005,5338100,5000,1000
busqueda,B+,aleatoria,5000,1000,32,5,1005,76500,3,1000
busqueda,B+,ordenada,5000,1000,32,5,1005,90100,3,1000
busqueda,Lista,aleatoria,5000,1000,0,6,1006,3207100,0,1000
busqueda,ABB,aleatoria,5000,1000,0,6,1006,189800,25,1000
busqueda,ABB,ordenada,5000,1000,0,6,1006,4751100,5000,1000
busqueda,B+,aleatoria,5000,1000,32,6,1006,65000,3,1000
busqueda,B+,ordenada,5000,1000,32,6,1006,74400,3,1000
busqueda,Lista,aleatoria,5000,1000,0,7,1007,2208100,0,1000
busqueda,ABB,aleatoria,5000,1000,0,7,1007,151400,27,1000
busqueda,ABB,ordenada,5000,1000,0,7,1007,4886600,5000,1000
busqueda,B+,aleatoria,5000,1000,32,7,1007,64200,3,1000
busqueda,B+,ordenada,5000,1000,32,7,1007,67000,3,1000
busqueda,Lista,aleatoria,5000,1000,0,8,1008,2360000,0,1000
busqueda,ABB,aleatoria,5000,1000,0,8,1008,196300,35,1000
busqueda,ABB,ordenada,5000,1000,0,8,1008,6012000,5000,1000
busqueda,B+,aleatoria,5000,1000,32,8,1008,61800,3,1000
busqueda,B+,ordenada,5000,1000,32,8,1008,66100,3,1000
busqueda,Lista,aleatoria,5000,1000,0,9,1009,2829200,0,1000
busqueda,ABB,aleatoria,5000,1000,0,9,1009,238800,29,1000
busqueda,ABB,ordenada,5000,1000,0,9,1009,4724900,5000,1000
busqueda,B+,aleatoria,5000,1000,32,9,1009,71800,3,1000
busqueda,B+,ordenada,5000,1000,32,9,1009,65000,3,1000
busqueda,Lista,aleatoria,5000,1000,0,10,1010,2135300,0,1000
busqueda,ABB,aleatoria,5000,1000,0,10,1010,150900,29,1000
busqueda,ABB,ordenada,5000,1000,0,10,1010,4727300,5000,1000
busqueda,B+,aleatoria,5000,1000,32,10,1010,62300,3,1000
busqueda,B+,ordenada,5000,1000,32,10,1010,67500,3,1000
busqueda,Lista,aleatoria,5000,1000,0,11,1011,2699500,0,1000
busqueda,ABB,aleatoria,5000,1000,0,11,1011,165000,29,1000
busqueda,ABB,ordenada,5000,1000,0,11,1011,4819300,5000,1000
busqueda,B+,aleatoria,5000,1000,32,11,1011,64000,3,1000
busqueda,B+,ordenada,5000,1000,32,11,1011,85200,3,1000
busqueda,Lista,aleatoria,5000,1000,0,12,1012,2285800,0,1000
busqueda,ABB,aleatoria,5000,1000,0,12,1012,151300,37,1000
busqueda,ABB,ordenada,5000,1000,0,12,1012,4975300,5000,1000
busqueda,B+,aleatoria,5000,1000,32,12,1012,62000,3,1000
busqueda,B+,ordenada,5000,1000,32,12,1012,65300,3,1000
busqueda,Lista,aleatoria,5000,1000,0,13,1013,2182300,0,1000
busqueda,ABB,aleatoria,5000,1000,0,13,1013,152700,27,1000
busqueda,ABB,ordenada,5000,1000,0,13,1013,4763700,5000,1000
busqueda,B+,aleatoria,5000,1000,32,13,1013,63400,3,1000
busqueda,B+,ordenada,5000,1000,32,13,1013,67600,3,1000
busqueda,Lista,aleatoria,5000,1000,0,14,1014,2202400,0,1000
busqueda,ABB,aleatoria,5000,1000,0,14,1014,166800,30,1000
busqueda,ABB,ordenada,5000,1000,0,14,1014,4808600,5000,1000
busqueda,B+,aleatoria,5000,1000,32,14,1014,61800,3,1000
busqueda,B+,ordenada,5000,1000,32,14,1014,68500,3,1000
busqueda,Lista,aleatoria,5000,1000,0,15,1015,2137800,0,1000
busqueda,ABB,aleatoria,5000,1000,0,15,1015,197300,36,1000
busqueda,ABB,ordenada,5000,1000,0,15,1015,4909900,5000,1000
busqueda,B+,aleatoria,5000,1000,32,15,1015,64200,3,1000
busqueda,B+,ordenada,5000,1000,32,15,1015,64500,3,1000
busqueda,Lista,aleatoria,5000,1000,0,16,1016,2187200,0,1000
busqueda,ABB,aleatoria,5000,1000,0,16,1016,177700,28,1000
busqueda,ABB,ordenada,5000,1000,0,16,1016,4755900,5000,1000
busqueda,B+,aleatoria,5000,1000,32,16,1016,64400,3,1000
busqueda,B+,ordenada,5000,1000,32,16,1016,65700,3,1000
busqueda,Lista,aleatoria,5000,1000,0,17,1017,2227000,0,1000
busqueda,ABB,aleatoria,5000,1000,0,17,1017,189500,30,1000
busqueda,ABB,ordenada,5000,1000,0,17,1017,4619100,5000,1000
busqueda,B+,aleatoria,5000,1000,32,17,1017,61500,3,1000
busqueda,B+,ordenada,5000,1000,32,17,1017,66700,3,1000
busqueda,Lista,aleatoria,5000,1000,0,18,1018,2162500,0,1000
busqueda,ABB,aleatoria,5000,1000,0,18,1018,213800,28,1000
busqueda,ABB,ordenada,5000,1000,0,18,1018,4616300,5000,1000
busqueda,B+,aleatoria,5000,1000,32,18,1018,63800,3,1000
busqueda,B+,ordenada,5000,1000,32,18,1018,67000,3,1000
busqueda,Lista,aleatoria,5000,1000,0,19,1019,2258900,0,1000
busqueda,ABB,aleatoria,5000,1000,0,19,1019,161900,29,1000
busqueda,ABB,ordenada,5000,1000,0,19,1019,4804000,5000,1000
busqueda,B+,aleatoria,5000,1000,32,19,1019,65300,3,1000
busqueda,B+,ordenada,5000,1000,32,19,1019,64900,3,1000
busqueda,Lista,aleatoria,5000,1000,0,20,1020,2407600,0,1000
busqueda,ABB,aleatoria,5000,1000,0,20,1020,149900,28,1000
busqueda,ABB,ordenada,5000,1000,0,20,1020,4782100,5000,1000
busqueda,B+,aleatoria,5000,1000,32,20,1020,71200,3,1000
busqueda,B+,ordenada,5000,1000,32,20,1020,63900,3,1000
busqueda,Lista,aleatoria,5000,1000,0,21,1021,2622700,0,1000
busqueda,ABB,aleatoria,5000,1000,0,21,1021,152300,31,1000
busqueda,ABB,ordenada,5000,1000,0,21,1021,4672200,5000,1000
busqueda,B+,aleatoria,5000,1000,32,21,1021,62400,3,1000
busqueda,B+,ordenada,5000,1000,32,21,1021,64500,3,1000
busqueda,Lista,aleatoria,5000,1000,0,22,1022,2169200,0,1000
busqueda,ABB,aleatoria,5000,1000,0,22,1022,155900,31,1000
busqueda,ABB,ordenada,5000,1000,0,22,1022,4594500,5000,1000
busqueda,B+,aleatoria,5000,1000,32,22,1022,60900,3,1000
busqueda,B+,ordenada,5000,1000,32,22,1022,69100,3,1000
busqueda,Lista,aleatoria,5000,1000,0,23,1023,2199200,0,1000
busqueda,ABB,aleatoria,5000,1000,0,23,1023,161900,28,1000
busqueda,ABB,ordenada,5000,1000,0,23,1023,4637400,5000,1000
busqueda,B+,aleatoria,5000,1000,32,23,1023,65500,3,1000
busqueda,B+,ordenada,5000,1000,32,23,1023,113100,3,1000
busqueda,Lista,aleatoria,5000,1000,0,24,1024,2198800,0,1000
busqueda,ABB,aleatoria,5000,1000,0,24,1024,155800,30,1000
busqueda,ABB,ordenada,5000,1000,0,24,1024,5273700,5000,1000
busqueda,B+,aleatoria,5000,1000,32,24,1024,76900,3,1000
busqueda,B+,ordenada,5000,1000,32,24,1024,64600,3,1000
busqueda,Lista,aleatoria,5000,1000,0,25,1025,2977900,0,1000
busqueda,ABB,aleatoria,5000,1000,0,25,1025,177100,28,1000
busqueda,ABB,ordenada,5000,1000,0,25,1025,4755000,5000,1000
busqueda,B+,aleatoria,5000,1000,32,25,1025,61800,3,1000
busqueda,B+,ordenada,5000,1000,32,25,1025,67300,3,1000
busqueda,Lista,aleatoria,5000,1000,0,26,1026,2183800,0,1000
busqueda,ABB,aleatoria,5000,1000,0,26,1026,174100,26,1000
busqueda,ABB,ordenada,5000,1000,0,26,1026,4739900,5000,1000
busqueda,B+,aleatoria,5000,1000,32,26,1026,80400,3,1000
busqueda,B+,ordenada,5000,1000,32,26,1026,81200,3,1000
busqueda,Lista,aleatoria,5000,1000,0,27,1027,2698100,0,1000
busqueda,ABB,aleatoria,5000,1000,0,27,1027,258700,30,1000
busqueda,ABB,ordenada,5000,1000,0,27,1027,4687100,5000,1000
busqueda,B+,aleatoria,5000,1000,32,27,1027,62500,3,1000
busqueda,B+,ordenada,5000,1000,32,27,1027,66100,3,1000
busqueda,Lista,aleatoria,5000,1000,0,28,1028,2298000,0,1000
busqueda,ABB,aleatoria,5000,1000,0,28,1028,162300,30,1000
busqueda,ABB,ordenada,5000,1000,0,28,1028,4906900,5000,1000
busqueda,B+,aleatoria,5000,1000,32,28,1028,62000,3,1000
busqueda,B+,ordenada,5000,1000,32,28,1028,79900,3,1000
busqueda,Lista,aleatoria,5000,1000,0,29,1029,2130400,0,1000
busqueda,ABB,aleatoria,5000,1000,0,29,1029,154200,26,1000
busqueda,ABB,ordenada,5000,1000,0,29,1029,4677200,5000,1000
busqueda,B+,aleatoria,5000,1000,32,29,1029,67800,3,1000
busqueda,B+,ordenada,5000,1000,32,29,1029,84900,3,1000
busqueda,Lista,aleatoria,5000,1000,0,30,1030,3283200,0,1000
busqueda,ABB,aleatoria,5000,1000,0,30,1030,377600,27,1000
busqueda,ABB,ordenada,5000,1000,0,30,1030,4684300,5000,1000
busqueda,B+,aleatoria,5000,1000,32,30,1030,64100,3,1000
busqueda,B+,ordenada,5000,1000,32,30,1030,65900,3,1000
busqueda,Lista,aleatoria,10000,1000,0,1,1001,5424200,0,1000
busqueda,ABB,aleatoria,10000,1000,0,1,1001,205400,30,1000
busqueda,ABB,ordenada,10000,1000,0,1,1001,9325200,10000,1000
busqueda,B+,aleatoria,10000,1000,32,1,1001,70700,3,1000
busqueda,B+,ordenada,10000,1000,32,1,1001,90400,4,1000
busqueda,Lista,aleatoria,10000,1000,0,2,1002,5437000,0,1000
busqueda,ABB,aleatoria,10000,1000,0,2,1002,212500,31,1000
busqueda,ABB,ordenada,10000,1000,0,2,1002,9529100,10000,1000
busqueda,B+,aleatoria,10000,1000,32,2,1002,76400,3,1000
busqueda,B+,ordenada,10000,1000,32,2,1002,86600,4,1000
busqueda,Lista,aleatoria,10000,1000,0,3,1003,5325700,0,1000
busqueda,ABB,aleatoria,10000,1000,0,3,1003,238300,31,1000
busqueda,ABB,ordenada,10000,1000,0,3,1003,9575200,10000,1000
busqueda,B+,aleatoria,10000,1000,32,3,1003,74600,3,1000
busqueda,B+,ordenada,10000,1000,32,3,1003,85400,4,1000
busqueda,Lista,aleatoria,10000,1000,0,4,1004,5615300,0,1000
busqueda,ABB,aleatoria,10000,1000,0,4,1004,234500,30,1000
busqueda,ABB,ordenada,10000,1000,0,4,1004,9844500,10000,1000
busqueda,B+,aleatoria,10000,1000,32,4,1004,75100,3,1000
busqueda,B+,ordenada,10000,1000,32,4,1004,86500,4,1000
busqueda,Lista,aleatoria,10000,1000,0,5,1005,5403100,0,1000
busqueda,ABB,aleatoria,10000,1000,0,5,1005,224200,30,1000
busqueda,ABB,ordenada,10000,1000,0,5,1005,9613000,10000,1000
busqueda,B+,aleatoria,10000,1000,32,5,1005,76000,3,1000
busqueda,B+,ordenada,10000,1000,32,5,1005,88800,4,1000
busqueda,Lista,aleatoria,10000,1000,0,6,1006,5480400,0,1000
busqueda,ABB,aleatoria,10000,1000,0,6,1006,242600,34,1000
busqueda,ABB,ordenada,10000,1000,0,6,1006,9663600,10000,1000
busqueda,B+,aleatoria,10000,1000,32,6,1006,98300,3,1000
busqueda,B+,ordenada,10000,1000,32,6,1006,91700,4,1000
busqueda,Lista,aleatoria,10000,1000,0,7,1007,5450100,0,1000
busqueda,ABB,aleatoria,10000,1000,0,7,1007,212600,29,1000
busqueda,ABB,ordenada,10000,1000,0,7,1007,9500500,10000,1000
busqueda,B+,aleatoria,10000,1000,32,7,1007,73200,3,1000
busqueda,B+,ordenada,10000,1000,32,7,1007,89200,4,1000
busqueda,Lista,aleatoria,10000,1000,0,8,1008,5710600,0,1000
busqueda,ABB,aleatoria,10000,1000,0,8,1008,245800,29,1000
busqueda,ABB,ordenada,10000,1000,0,8,1008,9454800,10000,1000
busqueda,B+,aleatoria,10000,1000,32,8,1008,74900,3,1000
busqueda,B+,ordenada,10000,1000,32,8,1008,89000,4,1000
busqueda,Lista,aleatoria,10000,1000,0,9,1009,5438700,0,1000
busqueda,ABB,aleatoria,10000,1000,0,9,1009,243800,30,1000
busqueda,ABB,ordenada,10000,1000,0,9,1009,9240200,10000,1000
busqueda,B+,aleatoria,10000,1000,32,9,1009,74700,3,1000
busqueda,B+,ordenada,10000,1000,32,9,1009,88700,4,1000
busqueda,Lista,aleatoria,10000,1000,0,10,1010,5043400,0,1000
busqueda,ABB,aleatoria,10000,1000,0,10,1010,235900,30,1000
busqueda,ABB,ordenada,10000,1000,0,10,1010,9519000,10000,1000
busqueda,B+,aleatoria,10000,1000,32,10,1010,75900,3,1000
busqueda,B+,ordenada,10000,1000,32,10,1010,90000,4,1000
busqueda,Lista,aleatoria,10000,1000,0,11,1011,5402400,0,1000
busqueda,ABB,aleatoria,10000,1000,0,11,1011,233700,32,1000
busqueda,ABB,ordenada,10000,1000,0,11,1011,9918800,10000,1000
busqueda,B+,aleatoria,10000,1000,32,11,1011,75500,3,1000
busqueda,B+,ordenada,10000,1000,32,11,1011,86800,4,1000
busqueda,Lista,aleatoria,10000,1000,0,12,1012,5219500,0,1000
busqueda,ABB,aleatoria,10000,1000,0,12,1012,221500,34,1000
busqueda,ABB,ordenada,10000,1000,0,12,1012,9438600,10000,1000
busqueda,B+,aleatoria,10000,1000,32,12,1012,74800,3,1000
busqueda,B+,ordenada,10000,1000,32,12,1012,91700,4,1000
busqueda,Lista,aleatoria,10000,1000,0,13,1013,5241900,0,1000
busqueda,ABB,aleatoria,10000,1000,0,13,1013,215100,27,1000
busqueda,ABB,ordenada,10000,1000,0,13,1013,9741300,10000,1000
busqueda,B+,aleatoria,10000,1000,32,13,1013,73500,3,1000
busqueda,B+,ordenada,10000,1000,32,13,1013,85500,4,1000
busqueda,Lista,aleatoria,10000,1000,0,14,1014,5418400,0,1000
busqueda,ABB,aleatoria,10000,1000,0,14,1014,229600,33,1000
busqueda,ABB,ordenada,10000,1000,0,14,1014,9393700,10000,1000
busqueda,B+,aleatoria,10000,1000,32,14,1014,75500,3,1000
busqueda,B+,ordenada,10000,1000,32,14,1014,90600,4,1000
busqueda,Lista,aleatoria,10000,1000,0,15,1015,5413200,0,1000
busqueda,ABB,aleatoria,10000,1000,0,15,1015,243900,33,1000
busqueda,ABB,ordenada,10000,1000,0,15,1015,9965300,10000,1000
busqueda,B+,aleatoria,10000,1000,32,15,1015,74500,3,1000
busqueda,B+,ordenada,10000,1000,32,15,1015,87700,4,1000
busqueda,Lista,aleatoria,10000,1000,0,16,1016,5427700,0,1000
busqueda,ABB,aleatoria,10000,1000,0,16,1016,245600,31,1000
busqueda,ABB,ordenada,10000,1000,0,16,1016,9836100,10000,1000
busqueda,B+,aleatoria,10000,1000,32,16,1016,73100,3,1000
busqueda,B+,ordenada,10000,1000,32,16,1016,113100,4,1000
busqueda,Lista,aleatoria,10000,1000,0,17,1017,5340700,0,1000
busqueda,ABB,aleatoria,10000,1000,0,17,1017,269400,33,1000
busqueda,ABB,ordenada,10000,1000,0,17,1017,9547600,10000,1000
busqueda,B+,aleatoria,10000,1000,32,17,1017,74300,3,1000
busqueda,B+,ordenada,10000,1000,32,17,1017,85900,4,1000
busqueda,Lista,aleatoria,10000,1000,0,18,1018,5462700,0,1000
busqueda,ABB,aleatoria,10000,1000,0,18,1018,235100,33,1000
busqueda,ABB,ordenada,10000,1000,0,18,1018,9409300,10000,1000
busqueda,B+,aleatoria,10000,1000,32,18,1018,80700,3,1000
busqueda,B+,ordenada,10000,1000,32,18,1018,89100,4,1000
busqueda,Lista,aleatoria,10000,1000,0,19,1019,5483200,0,1000
busqueda,ABB,aleatoria,10000,1000,0,19,1019,232700,30,1000
busqueda,ABB,ordenada,10000,1000,0,19,1019,9501400,10000,1000
busqueda,B+,aleatoria,10000,1000,32,19,1019,74500,3,1000
busqueda,B+,ordenada,10000,1000,32,19,1019,88700,4,1000
busqueda,Lista,aleatoria,10000,1000,0,20,1020,5312200,0,1000
busqueda,ABB,aleatoria,10000,1000,0,20,1020,243100,33,1000
busqueda,ABB,ordenada,10000,1000,0,20,1020,9929000,10000,1000
busqueda,B+,aleatoria,10000,1000,32,20,1020,78800,3,1000
busqueda,B+,ordenada,10000,1000,32,20,1020,88100,4,1000
busqueda,Lista,aleatoria,10000,1000,0,21,1021,5462300,0,1000
busqueda,ABB,aleatoria,10000,1000,0,21,1021,222900,30,1000
busqueda,ABB,ordenada,10000,1000,0,21,1021,9689300,10000,1000
busqueda,B+,aleatoria,10000,1000,32,21,1021,76300,3,1000
busqueda,B+,ordenada,10000,1000,32,21,1021,92100,4,1000
busqueda,Lista,aleatoria,10000,1000,0,22,1022,5279500,0,1000
busqueda,ABB,aleatoria,10000,1000,0,22,1022,234800,30,1000
busqueda,ABB,ordenada,10000,1000,0,22,1022,9814200,10000,1000
busqueda,B+,aleatoria,10000,1000,32,22,1022,73700,3,1000
busqueda,B+,ordenada,10000,1000,32,22,1022,84800,4,1000
busqueda,Lista,aleatoria,10000,1000,0,23,1023,5357100,0,1000
busqueda,ABB,aleatoria,10000,1000,0,23,1023,239500,31,1000
busqueda,ABB,ordenada,10000,1000,0,23,1023,9770000,10000,1000
busqueda,B+,aleatoria,10000,1000,32,23,1023,82400,3,1000
busqueda,B+,ordenada,10000,1000,32,23,1023,82600,4,1000
busqueda,Lista,aleatoria,10000,1000,0,24,1024,5420900,0,1000
busqueda,ABB,aleatoria,10000,1000,0,24,1024,298800,33,1000
busqueda,ABB,ordenada,10000,1000,0,24,1024,9707700,10000,1000
busqueda,B+,aleatoria,10000,1000,32,24,1024,74000,3,1000
busqueda,B+,ordenada,10000,1000,32,24,1024,104900,4,1000
busqueda,Lista,aleatoria,10000,1000,0,25,1025,5326400,0,1000
busqueda,ABB,aleatoria,10000,1000,0,25,1025,236900,33,1000
busqueda,ABB,ordenada,10000,1000,0,25,1025,9449000,10000,1000
busqueda,B+,aleatoria,10000,1000,32,25,1025,74500,3,1000
busqueda,B+,ordenada,10000,1000,32,25,1025,87100,4,1000
busqueda,Lista,aleatoria,10000,1000,0,26,1026,5572800,0,1000
busqueda,ABB,aleatoria,10000,1000,0,26,1026,229500,31,1000
busqueda,ABB,ordenada,10000,1000,0,26,1026,9959700,10000,1000
busqueda,B+,aleatoria,10000,1000,32,26,1026,76400,3,1000
busqueda,B+,ordenada,10000,1000,32,26,1026,89300,4,1000
busqueda,Lista,aleatoria,10000,1000,0,27,1027,6730500,0,1000
busqueda,ABB,aleatoria,10000,1000,0,27,1027,209300,32,1000
busqueda,ABB,ordenada,10000,1000,0,27,1027,9659100,10000,1000
busqueda,B+,aleatoria,10000,1000,32,27,1027,73200,3,1000
busqueda,B+,ordenada,10000,1000,32,27,1027,93200,4,1000
busqueda,Lista,aleatoria,10000,1000,0,28,1028,5503000,0,1000
busqueda,ABB,aleatoria,10000,1000,0,28,1028,225800,33,1000
busqueda,ABB,ordenada,10000,1000,0,28,1028,9890000,10000,1000
busqueda,B+,aleatoria,10000,1000,32,28,1028,73300,3,1000
busqueda,B+,ordenada,10000,1000,32,28,1028,91200,4,1000
busqueda,Lista,aleatoria,10000,1000,0,29,1029,5522100,0,1000
busqueda,ABB,aleatoria,10000,1000,0,29,1029,236100,32,1000
busqueda,ABB,ordenada,10000,1000,0,29,1029,9919100,10000,1000
busqueda,B+,aleatoria,10000,1000,32,29,1029,74300,3,1000
busqueda,B+,ordenada,10000,1000,32,29,1029,86800,4,1000
busqueda,Lista,aleatoria,10000,1000,0,30,1030,5446700,0,1000
busqueda,ABB,aleatoria,10000,1000,0,30,1030,239900,32,1000
busqueda,ABB,ordenada,10000,1000,0,30,1030,9533300,10000,1000
busqueda,B+,aleatoria,10000,1000,32,30,1030,76300,3,1000
busqueda,B+,ordenada,10000,1000,32,30,1030,86100,4,1000
busqueda,Lista,aleatoria,50000,1000,0,1,1001,43443900,0,1000
busqueda,ABB,aleatoria,50000,1000,0,1,1001,715000,37,1000
busqueda,ABB,ordenada,50000,1000,0,1,1001,94238000,50000,1000
busqueda,B+,aleatoria,50000,1000,32,1,1001,296400,4,1000
busqueda,B+,ordenada,50000,1000,32,1,1001,163500,4,1000
busqueda,Lista,aleatoria,50000,1000,0,2,1002,51593200,0,1000
busqueda,ABB,aleatoria,50000,1000,0,2,1002,635100,35,1000
busqueda,ABB,ordenada,50000,1000,0,2,1002,69911600,50000,1000
busqueda,B+,aleatoria,50000,1000,32,2,1002,145200,4,1000
busqueda,B+,ordenada,50000,1000,32,2,1002,155400,4,1000
busqueda,Lista,aleatoria,50000,1000,0,3,1003,44240200,0,1000
busqueda,ABB,aleatoria,50000,1000,0,3,1003,598700,36,1000
busqueda,ABB,ordenada,50000,1000,0,3,1003,70634100,50000,1000
busqueda,B+,aleatoria,50000,1000,32,3,1003,143500,4,1000
busqueda,B+,ordenada,50000,1000,32,3,1003,147700,4,1000
busqueda,Lista,aleatoria,50000,1000,0,4,1004,41820600,0,1000
busqueda,ABB,aleatoria,50000,1000,0,4,1004,599200,35,1000
busqueda,ABB,ordenada,50000,1000,0,4,1004,73893700,50000,1000
busqueda,B+,aleatoria,50000,1000,32,4,1004,145700,4,1000
busqueda,B+,ordenada,50000,1000,32,4,1004,146200,4,1000
busqueda,Lista,aleatoria,50000,1000,0,5,1005,44856200,0,1000
busqueda,ABB,aleatoria,50000,1000,0,5,1005,635700,36,1000
busqueda,ABB,ordenada,50000,1000,0,5,1005,69921900,50000,1000
busqueda,B+,aleatoria,50000,1000,32,5,1005,173500,4,1000
busqueda,B+,ordenada,50000,1000,32,5,1005,190600,4,1000
busqueda,Lista,aleatoria,50000,1000,0,6,1006,130709800,0,1000
busqueda,ABB,aleatoria,50000,1000,0,6,1006,741600,37,1000
busqueda,ABB,ordenada,50000,1000,0,6,1006,71420100,50000,1000
busqueda,B+,aleatoria,50000,1000,32,6,1006,174000,4,1000
busqueda,B+,ordenada,50000,1000,32,6,1006,181800,4,1000
busqueda,Lista,aleatoria,50000,1000,0,7,1007,42172300,0,1000
busqueda,ABB,aleatoria,50000,1000,0,7,1007,627800,38,1000
busqueda,ABB,ordenada,50000,1000,0,7,1007,82425500,50000,1000
busqueda,B+,aleatoria,50000,1000,32,7,1007,143200,4,1000
busqueda,B+,ordenada,50000,1000,32,7,1007,153700,4,1000
busqueda,Lista,aleatoria,50000,1000,0,8,1008,48596500,0,1000
busqueda,ABB,aleatoria,50000,1000,0,8,1008,680600,37,1000
busqueda,ABB,ordenada,50000,1000,0,8,1008,69683100,50000,1000
busqueda,B+,aleatoria,50000,1000,32,8,1008,148100,4,1000
busqueda,B+,ordenada,50000,1000,32,8,1008,158800,4,1000
busqueda,Lista,aleatoria,50000,1000,0,9,1009,44711400,0,1000
busqueda,ABB,aleatoria,50000,1000,0,9,1009,602300,34,1000
busqueda,ABB,ordenada,50000,1000,0,9,1009,75858300,50000,1000
busqueda,B+,aleatoria,50000,1000,32,9,1009,297300,4,1000
busqueda,B+,ordenada,50000,1000,32,9,1009,144600,4,1000
busqueda,Lista,aleatoria,50000,1000,0,10,1010,43850700,0,1000
busqueda,ABB,aleatoria,50000,1000,0,10,1010,618300,38,1000
busqueda,ABB,ordenada,50000,1000,0,10,1010,70316600,50000,1000
busqueda,B+,aleatoria,50000,1000,32,10,1010,136800,4,1000
busqueda,B+,ordenada,50000,1000,32,10,1010,159600,4,1000
busqueda,Lista,aleatoria,50000,1000,0,11,1011,42693400,0,1000
busqueda,ABB,aleatoria,50000,1000,0,11,1011,646500,38,1000
busqueda,ABB,ordenada,50000,1000,0,11,1011,76136800,50000,1000
busqueda,B+,aleatoria,50000,1000,32,11,1011,135600,4,1000
busqueda,B+,ordenada,50000,1000,32,11,1011,155000,4,1000
busqueda,Lista,aleatoria,50000,1000,0,12,1012,43771500,0,1000
busqueda,ABB,aleatoria,50000,1000,0,12,1012,779400,38,1000
busqueda,ABB,ordenada,50000,1000,0,12,1012,88627900,50000,1000
busqueda,B+,aleatoria,50000,1000,32,12,1012,169500,4,1000
busqueda,B+,ordenada,50000,1000,32,12,1012,148000,4,1000
busqueda,Lista,aleatoria,50000,1000,0,13,1013,48168500,0,1000
busqueda,ABB,aleatoria,50000,1000,0,13,1013,597800,41,1000
busqueda,ABB,ordenada,50000,1000,0,13,1013,73308900,50000,1000
busqueda,B+,aleatoria,50000,1000,32,13,1013,137500,4,1000
busqueda,B+,ordenada,50000,1000,32,13,1013,167200,4,1000
busqueda,Lista,aleatoria,50000,1000,0,14,1014,45101000,0,1000
busqueda,ABB,aleatoria,50000,1000,0,14,1014,646300,43,1000
busqueda,ABB,ordenada,50000,1000,0,14,1014,70375300,50000,1000
busqueda,B+,aleatoria,50000,1000,32,14,1014,166300,4,1000
busqueda,B+,ordenada,50000,1000,32,14,1014,141500,4,1000
busqueda,Lista,aleatoria,50000,1000,0,15,1015,43750800,0,1000
busqueda,ABB,aleatoria,50000,1000,0,15,1015,588400,37,1000
busqueda,ABB,ordenada,50000,1000,0,15,1015,71023100,50000,1000
busqueda,B+,aleatoria,50000,1000,32,15,1015,141000,4,1000
busqueda,B+,ordenada,50000,1000,32,15,1015,153100,4,1000
busqueda,Lista,aleatoria,50000,1000,0,16,1016,44122800,0,1000
busqueda,ABB,aleatoria,50000,1000,0,16,1016,650600,40,1000
busqueda,ABB,ordenada,50000,1000,0,16,1016,66805700,50000,1000
busqueda,B+,aleatoria,50000,1000,32,16,1016,137500,4,1000
busqueda,B+,ordenada,50000,1000,32,16,1016,167300,4,1000
busqueda,Lista,aleatoria,50000,1000,0,17,1017,43928500,0,1000
busqueda,ABB,aleatoria,50000,1000,0,17,1017,589200,37,1000
busqueda,ABB,ordenada,50000,1000,0,17,1017,73987200,50000,1000
busqueda,B+,aleatoria,50000,1000,32,17,1017,137100,4,1000
busqueda,B+,ordenada,50000,1000,32,17,1017,149100,4,1000
busqueda,Lista,aleatoria,50000,1000,0,18,1018,44304800,0,1000
busqueda,ABB,aleatoria,50000,1000,0,18,1018,717500,37,1000
busqueda,ABB,ordenada,50000,1000,0,18,1018,69198900,50000,1000
busqueda,B+,aleatoria,50000,1000,32,18,1018,147000,4,1000
busqueda,B+,ordenada,50000,1000,32,18,1018,155500,4,1000
busqueda,Lista,aleatoria,50000,1000,0,19,1019,41174900,0,1000
busqueda,ABB,aleatoria,50000,1000,0,19,1019,654900,35,1000
busqueda,ABB,ordenada,50000,1000,0,19,1019,70250900,50000,1000
busqueda,B+,aleatoria,50000,1000,32,19,1019,147700,4,1000
busqueda,B+,ordenada,50000,1000,32,19,1019,136800,4,1000
busqueda,Lista,aleatoria,50000,1000,0,20,1020,44582000,0,1000
busqueda,ABB,aleatoria,50000,1000,0,20,1020,658100,35,1000
busqueda,ABB,ordenada,50000,1000,0,20,1020,80875300,50000,1000
busqueda,B+,aleatoria,50000,1000,32,20,1020,148400,4,1000
busqueda,B+,ordenada,50000,1000,32,20,1020,170500,4,1000
busqueda,Lista,aleatoria,50000,1000,0,21,1021,45204600,0,1000
busqueda,ABB,aleatoria,50000,1000,0,21,1021,730200,40,1000
busqueda,ABB,ordenada,50000,1000,0,21,1021,72928300,50000,1000
busqueda,B+,aleatoria,50000,1000,32,21,1021,143000,4,1000
busqueda,B+,ordenada,50000,1000,32,21,1021,151100,4,1000
busqueda,Lista,aleatoria,50000,1000,0,22,1022,46064100,0,1000
busqueda,ABB,aleatoria,50000,1000,0,22,1022,583200,38,1000
busqueda,ABB,ordenada,50000,1000,0,22,1022,74672000,50000,1000
busqueda,B+,aleatoria,50000,1000,32,22,1022,137900,4,1000
busqueda,B+,ordenada,50000,1000,32,22,1022,155300,4,1000
busqueda,Lista,aleatoria,50000,1000,0,23,1023,47069200,0,1000
busqueda,ABB,aleatoria,50000,1000,0,23,1023,616200,34,1000
busqueda,ABB,ordenada,50000,1000,0,23,1023,71535500,50000,1000
busqueda,B+,aleatoria,50000,1000,32,23,1023,140900,4,1000
busqueda,B+,ordenada,50000,1000,32,23,1023,147500,4,1000
busqueda,Lista,aleatoria,50000,1000,0,24,1024,46495000,0,1000
busqueda,ABB,aleatoria,50000,1000,0,24,1024,626200,37,1000
busqueda,ABB,ordenada,50000,1000,0,24,1024,71554900,50000,1000
busqueda,B+,aleatoria,50000,1000,32,24,1024,158700,4,1000
busqueda,B+,ordenada,50000,1000,32,24,1024,153600,4,1000
busqueda,Lista,aleatoria,50000,1000,0,25,1025,45226800,0,1000
busqueda,ABB,aleatoria,50000,1000,0,25,1025,609100,37,1000
busqueda,ABB,ordenada,50000,1000,0,25,1025,73217300,50000,1000
busqueda,B+,aleatoria,50000,1000,32,25,1025,136200,4,1000
busqueda,B+,ordenada,50000,1000,32,25,1025,143400,4,1000
busqueda,Lista,aleatoria,50000,1000,0,26,1026,46493300,0,1000
busqueda,ABB,aleatoria,50000,1000,0,26,1026,672000,35,1000
busqueda,ABB,ordenada,50000,1000,0,26,1026,74484100,50000,1000
busqueda,B+,aleatoria,50000,1000,32,26,1026,141100,4,1000
busqueda,B+,ordenada,50000,1000,32,26,1026,156800,4,1000
busqueda,Lista,aleatoria,50000,1000,0,27,1027,47216500,0,1000
busqueda,ABB,aleatoria,50000,1000,0,27,1027,652600,39,1000
busqueda,ABB,ordenada,50000,1000,0,27,1027,67091000,50000,1000
busqueda,B+,aleatoria,50000,1000,32,27,1027,132400,4,1000
busqueda,B+,ordenada,50000,1000,32,27,1027,146700,4,1000
busqueda,Lista,aleatoria,50000,1000,0,28,1028,43780300,0,1000
busqueda,ABB,aleatoria,50000,1000,0,28,1028,711300,37,1000
busqueda,ABB,ordenada,50000,1000,0,28,1028,72083900,50000,1000
busqueda,B+,aleatoria,50000,1000,32,28,1028,149200,4,1000
busqueda,B+,ordenada,50000,1000,32,28,1028,152200,4,1000
busqueda,Lista,aleatoria,50000,1000,0,29,1029,47941800,0,1000
busqueda,ABB,aleatoria,50000,1000,0,29,1029,620400,36,1000
busqueda,ABB,ordenada,50000,1000,0,29,1029,72646300,50000,1000
busqueda,B+,aleatoria,50000,1000,32,29,1029,137000,4,1000
busqueda,B+,ordenada,50000,1000,32,29,1029,146800,4,1000
busqueda,Lista,aleatoria,50000,1000,0,30,1030,45020800,0,1000
busqueda,ABB,aleatoria,50000,1000,0,30,1030,624200,35,1000
busqueda,ABB,ordenada,50000,1000,0,30,1030,72201600,50000,1000
busqueda,B+,aleatoria,50000,1000,32,30,1030,136000,4,1000
busqueda,B+,ordenada,50000,1000,32,30,1030,156300,4,1000
busqueda,Lista,aleatoria,100000,1000,0,1,1001,172751800,0,1000
busqueda,ABB,aleatoria,100000,1000,0,1,1001,877200,40,1000
busqueda,ABB,ordenada,100000,1000,0,1,1001,222445100,100000,1000
busqueda,B+,aleatoria,100000,1000,32,1,1001,168200,4,1000
busqueda,B+,ordenada,100000,1000,32,1,1001,196600,4,1000
busqueda,Lista,aleatoria,100000,1000,0,2,1002,161290800,0,1000
busqueda,ABB,aleatoria,100000,1000,0,2,1002,802700,42,1000
busqueda,ABB,ordenada,100000,1000,0,2,1002,227322800,100000,1000
busqueda,B+,aleatoria,100000,1000,32,2,1002,165900,4,1000
busqueda,B+,ordenada,100000,1000,32,2,1002,188800,4,1000
busqueda,Lista,aleatoria,100000,1000,0,3,1003,168606300,0,1000
busqueda,ABB,aleatoria,100000,1000,0,3,1003,864600,46,1000
busqueda,ABB,ordenada,100000,1000,0,3,1003,225831100,100000,1000
busqueda,B+,aleatoria,100000,1000,32,3,1003,168800,4,1000
busqueda,B+,ordenada,100000,1000,32,3,1003,205100,4,1000
busqueda,Lista,aleatoria,100000,1000,0,4,1004,175253200,0,1000
busqueda,ABB,aleatoria,100000,1000,0,4,1004,821700,40,1000
busqueda,ABB,ordenada,100000,1000,0,4,1004,236846000,100000,1000
busqueda,B+,aleatoria,100000,1000,32,4,1004,170200,4,1000
busqueda,B+,ordenada,100000,1000,32,4,1004,198800,4,1000
busqueda,Lista,aleatoria,100000,1000,0,5,1005,168317000,0,1000
busqueda,ABB,aleatoria,100000,1000,0,5,1005,841700,39,1000
busqueda,ABB,ordenada,100000,1000,0,5,1005,219667000,100000,1000
busqueda,B+,aleatoria,100000,1000,32,5,1005,183200,4,1000
busqueda,B+,ordenada,100000,1000,32,5,1005,198600,4,1000
busqueda,Lista,aleatoria,100000,1000,0,6,1006,169306500,0,1000
busqueda,ABB,aleatoria,100000,1000,0,6,1006,810800,38,1000
busqueda,ABB,ordenada,100000,1000,0,6,1006,224515800,100000,1000
busqueda,B+,aleatoria,100000,1000,32,6,1006,194900,4,1000
busqueda,B+,ordenada,100000,1000,32,6,1006,187800,4,1000
busqueda,Lista,aleatoria,100000,1000,0,7,1007,161475300,0,1000
busqueda,ABB,aleatoria,100000,1000,0,7,1007,1296200,40,1000
busqueda,ABB,ordenada,100000,1000,0,7,1007,222405000,100000,1000
busqueda,B+,aleatoria,100000,1000,32,7,1007,170700,4,1000
busqueda,B+,ordenada,100000,1000,32,7,1007,192300,4,1000
busqueda,Lista,aleatoria,100000,1000,0,8,1008,171395000,0,1000
busqueda,ABB,aleatoria,100000,1000,0,8,1008,830400,42,1000
busqueda,ABB,ordenada,100000,1000,0,8,1008,232486400,100000,1000
busqueda,B+,aleatoria,100000,1000,32,8,1008,165800,4,1000
busqueda,B+,ordenada,100000,1000,32,8,1008,187200,4,1000
busqueda,Lista,aleatoria,100000,1000,0,9,1009,160934100,0,1000
busqueda,ABB,aleatoria,100000,1000,0,9,1009,740900,44,1000
busqueda,ABB,ordenada,100000,1000,0,9,1009,230539300,100000,1000
busqueda,B+,aleatoria,100000,1000,32,9,1009,170400,4,1000
busqueda,B+,ordenada,100000,1000,32,9,1009,194900,4,1000
busqueda,Lista,aleatoria,100000,1000,0,10,1010,167515300,0,1000
busqueda,ABB,aleatoria,100000,1000,0,10,1010,835000,39,1000
busqueda,ABB,ordenada,100000,1000,0,10,1010,229884800,100000,1000
busqueda,B+,aleatoria,100000,1000,32,10,1010,167400,4,1000
busqueda,B+,ordenada,100000,1000,32,10,1010,194400,4,1000
busqueda,Lista,aleatoria,100000,1000,0,11,1011,179505500,0,1000
busqueda,ABB,aleatoria,100000,1000,0,11,1011,857200,44,1000
busqueda,ABB,ordenada,100000,1000,0,11,1011,228305000,100000,1000
busqueda,B+,aleatoria,100000,1000,32,11,1011,178700,4,1000
busqueda,B+,ordenada,100000,1000,32,11,1011,196200,4,1000
busqueda,Lista,aleatoria,100000,1000,0,12,1012,173805100,0,1000
busqueda,ABB,aleatoria,100000,1000,0,12,1012,838100,40,1000
busqueda,ABB,ordenada,100000,1000,0,12,1012,240723800,100000,1000
busqueda,B+,aleatoria,100000,1000,32,12,1012,174400,4,1000
busqueda,B+,ordenada,100000,1000,32,12,1012,222600,4,1000
busqueda,Lista,aleatoria,100000,1000,0,13,1013,171146000,0,1000
busqueda,ABB,aleatoria,100000,1000,0,13,1013,809900,40,1000
busqueda,ABB,ordenada,100000,1000,0,13,1013,236520600,100000,1000
busqueda,B+,aleatoria,100000,1000,32,13,1013,163100,4,1000
busqueda,B+,ordenada,100000,1000,32,13,1013,195300,4,1000
busqueda,Lista,aleatoria,100000,1000,0,14,1014,170308200,0,1000
busqueda,ABB,aleatoria,100000,1000,0,14,1014,842900,36,1000
busqueda,ABB,ordenada,100000,1000,0,14,1014,230644100,100000,1000
busqueda,B+,aleatoria,100000,1000,32,14,1014,173300,4,1000
busqueda,B+,ordenada,100000,1000,32,14,1014,191700,4,1000
busqueda,Lista,aleatoria,100000,1000,0,15,1015,161592100,0,1000
busqueda,ABB,aleatoria,100000,1000,0,15,1015,839100,37,1000
busqueda,ABB,ordenada,100000,1000,0,15,1015,234831800,100000,1000
busqueda,B+,aleatoria,100000,1000,32,15,1015,173100,4,1000
busqueda,B+,ordenada,100000,1000,32,15,1015,197500,4,1000
busqueda,Lista,aleatoria,100000,1000,0,16,1016,163826200,0,1000
busqueda,ABB,aleatoria,100000,1000,0,16,1016,842300,40,1000
busqueda,ABB,ordenada,100000,1000,0,16,1016,235028500,100000,1000
busqueda,B+,aleatoria,100000,1000,32,16,1016,168100,4,1000
busqueda,B+,ordenada,100000,1000,32,16,1016,199600,4,1000
busqueda,Lista,aleatoria,100000,1000,0,17,1017,173053300,0,1000
busqueda,ABB,aleatoria,100000,1000,0,17,1017,852900,41,1000
busqueda,ABB,ordenada,100000,1000,0,17,1017,230565400,100000,1000
busqueda,B+,aleatoria,100000,1000,32,17,1017,167000,4,1000
busqueda,B+,ordenada,100000,1000,32,17,1017,188300,4,1000
busqueda,Lista,aleatoria,100000,1000,0,18,1018,163690800,0,1000
busqueda,ABB,aleatoria,100000,1000,0,18,1018,863800,42,1000
busqueda,ABB,ordenada,100000,1000,0,18,1018,235984800,100000,1000
busqueda,B+,aleatoria,100000,1000,32,18,1018,172200,4,1000
busqueda,B+,ordenada,100000,1000,32,18,1018,194600,4,1000
busqueda,Lista,aleatoria,100000,1000,0,19,1019,165141900,0,1000
busqueda,ABB,aleatoria,100000,1000,0,19,1019,833900,39,1000
busqueda,ABB,ordenada,100000,1000,0,19,1019,231797300,100000,1000
busqueda,B+,aleatoria,100000,1000,32,19,1019,175700,4,1000
busqueda,B+,ordenada,100000,1000,32,19,1019,194000,4,1000
busqueda,Lista,aleatoria,100000,1000,0,20,1020,174010700,0,1000
busqueda,ABB,aleatoria,100000,1000,0,20,1020,871100,36,1000
busqueda,ABB,ordenada,100000,1000,0,20,1020,233675900,100000,1000
busqueda,B+,aleatoria,100000,1000,32,20,1020,169000,4,1000
busqueda,B+,ordenada,100000,1000,32,20,1020,195200,4,1000
busqueda,Lista,aleatoria,100000,1000,0,21,1021,168388700,0,1000
busqueda,ABB,aleatoria,100000,1000,0,21,1021,819600,37,1000
busqueda,ABB,ordenada,100000,1000,0,21,1021,224859800,100000,1000
busqueda,B+,aleatoria,100000,1000,32,21,1021,157600,4,1000
busqueda,B+,ordenada,100000,1000,32,21,1021,191800,4,1000
busqueda,Lista,aleatoria,100000,1000,0,22,1022,170640000,0,1000
busqueda,ABB,aleatoria,100000,1000,0,22,1022,827700,41,1000
busqueda,ABB,ordenada,100000,1000,0,22,1022,231418600,100000,1000
busqueda,B+,aleatoria,100000,1000,32,22,1022,171000,4,1000
busqueda,B+,ordenada,100000,1000,32,22,1022,191600,4,1000
busqueda,Lista,aleatoria,100000,1000,0,23,1023,167731800,0,1000
busqueda,ABB,aleatoria,100000,1000,0,23,1023,878000,40,1000
busqueda,ABB,ordenada,100000,1000,0,23,1023,234903200,100000,1000
busqueda,B+,aleatoria,100000,1000,32,23,1023,171400,4,1000
busqueda,B+,ordenada,100000,1000,32,23,1023,191700,4,1000
busqueda,Lista,aleatoria,100000,1000,0,24,1024,179864600,0,1000
busqueda,ABB,aleatoria,100000,1000,0,24,1024,852000,42,1000
busqueda,ABB,ordenada,100000,1000,0,24,1024,232034900,100000,1000
busqueda,B+,aleatoria,100000,1000,32,24,1024,167500,4,1000
busqueda,B+,ordenada,100000,1000,32,24,1024,183100,4,1000
busqueda,Lista,aleatoria,100000,1000,0,25,1025,165180500,0,1000
busqueda,ABB,aleatoria,100000,1000,0,25,1025,821000,39,1000
busqueda,ABB,ordenada,100000,1000,0,25,1025,233335600,100000,1000
busqueda,B+,aleatoria,100000,1000,32,25,1025,160400,4,1000
busqueda,B+,ordenada,100000,1000,32,25,1025,197200,4,1000
busqueda,Lista,aleatoria,100000,1000,0,26,1026,181119900,0,1000
busqueda,ABB,aleatoria,100000,1000,0,26,1026,979000,39,1000
busqueda,ABB,ordenada,100000,1000,0,26,1026,231842900,100000,1000
busqueda,B+,aleatoria,100000,1000,32,26,1026,170500,4,1000
busqueda,B+,ordenada,100000,1000,32,26,1026,192700,4,1000
busqueda,Lista,aleatoria,100000,1000,0,27,1027,167575800,0,1000
busqueda,ABB,aleatoria,100000,1000,0,27,1027,1107500,37,1000
busqueda,ABB,ordenada,100000,1000,0,27,1027,225887400,100000,1000
busqueda,B+,aleatoria,100000,1000,32,27,1027,173900,4,1000
busqueda,B+,ordenada,100000,1000,32,27,1027,192300,4,1000
busqueda,Lista,aleatoria,100000,1000,0,28,1028,165767300,0,1000
busqueda,ABB,aleatoria,100000,1000,0,28,1028,850000,39,1000
busqueda,ABB,ordenada,100000,1000,0,28,1028,231781300,100000,1000
busqueda,B+,aleatoria,100000,1000,32,28,1028,171300,4,1000
busqueda,B+,ordenada,100000,1000,32,28,1028,187300,4,1000
busqueda,Lista,aleatoria,100000,1000,0,29,1029,166247600,0,1000
busqueda,ABB,aleatoria,100000,1000,0,29,1029,824600,38,1000
busqueda,ABB,ordenada,100000,1000,0,29,1029,230781700,100000,1000
busqueda,B+,aleatoria,100000,1000,32,29,1029,169400,4,1000
busqueda,B+,ordenada,100000,1000,32,29,1029,186800,4,1000
busqueda,Lista,aleatoria,100000,1000,0,30,1030,183477400,0,1000
busqueda,ABB,aleatoria,100000,1000,0,30,1030,838500,41,1000
busqueda,ABB,ordenada,100000,1000,0,30,1030,230828900,100000,1000
busqueda,B+,aleatoria,100000,1000,32,30,1030,173500,4,1000
busqueda,B+,ordenada,100000,1000,32,30,1030,188800,4,1000
