operacion,estructura,tipoInsercion,n,m,capacidad,repeticiones,promedioNs,desviacionNs,medianaNs,coeficienteVariacion,atipicos,promedioSinAtipicosNs,desviacionSinAtipicosNs,alturaPromedio
busqueda,Lista,aleatoria,100,1000,0,30,113090.0,28758.2,108950.0,0.2543,6,110550.0,5717.7,0.0
busqueda,ABB,aleatoria,100,1000,0,30,104263.3,81204.2,88800.0,0.7788,8,89068.2,6136.0,13.3
busqueda,ABB,ordenada,100,1000,0,30,160523.3,32437.5,154800.0,0.2021,2,155964.3,8613.7,100.0
busqueda,B+,aleatoria,100,1000,32,30,85376.7,20113.1,81950.0,0.2356,2,80853.6,8948.9,2.0
busqueda,B+,ordenada,100,1000,32,30,80370.0,11504.3,83300.0,0.1431,5,82784.0,4985.5,2.0
busqueda,Lista,aleatoria,500,1000,0,30,243056.7,63583.9,214750.0,0.2616,0,243056.7,63583.9,0.0
busqueda,ABB,aleatoria,500,1000,0,30,94550.0,61636.2,85350.0,0.6519,2,81146.4,14742.4,19.1
busqueda,ABB,ordenada,500,1000,0,30,517663.3,56987.3,501500.0,0.1101,1,512310.3,49731.3,500.0
busqueda,B+,aleatoria,500,1000,32,30,51026.7,16889.0,47450.0,0.3310,1,48582.8,10480.8,2.0
busqueda,B+,ordenada,500,1000,32,30,49226.7,10044.9,49500.0,0.2041,0,49226.7,10044.9,2.0
busqueda,Lista,aleatoria,1000,1000,0,30,471316.7,130681.3,400700.0,0.2773,1,456875.9,105867.7,0.0
busqueda,ABB,aleatoria,1000,1000,0,30,87420.0,12045.7,81700.0,0.1378,2,85257.1,9111.5,22.2
busqueda,ABB,ordenada,1000,1000,0,30,1029496.7,116892.2,976350.0,0.1135,1,1016072.4,92479.0,1000.0
busqueda,B+,aleatoria,1000,1000,32,30,49326.7,4074.9,47800.0,0.0826,6,47479.2,1276.5,3.0
busqueda,B+,ordenada,1000,1000,32,30,49770.0,4505.3,47700.0,0.0905,0,49770.0,4505.3,3.0
busqueda,Lista,aleatoria,5000,1000,0,30,2390403.3,319994.8,2242950.0,0.1339,4,2285180.8,164907.6,0.0
busqueda,ABB,aleatoria,5000,1000,0,30,184763.3,52256.3,163650.0,0.2828,3,169896.3,21876.8,29.0
busqueda,ABB,ordenada,5000,1000,0,30,4833770.0,277561.9,4759800.0,0.0574,3,4755159.3,94301.8,5000.0
busqueda,B+,aleatoria,5000,1000,32,30,66333.3,5655.2,64150.0,0.0853,4,64492.3,3198.1,3.0
busqueda,B+,ordenada,5000,1000,32,30,71786.7,11240.0,67000.0,0.1566,3,68885.2,6337.1,3.0
busqueda,Lista,aleatoria,10000,1000,0,30,5455723.3,270989.2,5425950.0,0.0497,3,5414340.7,92684.8,0.0
busqueda,ABB,aleatoria,10000,1000,0,30,234626.7,17962.3,234950.0,0.0766,1,232413.8,13491.4,31.3
busqueda,ABB,ordenada,10000,1000,0,30,9644586.7,205895.1,9636050.0,0.0213,0,9644586.7,205895.1,10000.0
busqueda,B+,aleatoria,10000,1000,32,30,75980.0,4784.4,74750.0,0.0630,3,74740.7,1527.8,3.0
busqueda,B+,ordenada,10000,1000,32,30,89720.0,5872.9,88750.0,0.0655,2,88342.9,2509.9,4.0
busqueda,Lista,aleatoria,50000,1000,0,30,47936846.7,15786315.5,44783800.0,0.3293,2,44850085.7,1880776.5,0.0
busqueda,ABB,aleatoria,50000,1000,0,30,647613.3,50682.1,635400.0,0.0783,1,643069.0,44930.5,37.1
busqueda,ABB,ordenada,50000,1000,0,30,73710260.0,5910748.0,72142750.0,0.0802,4,71736196.2,2371783.3,50000.0
busqueda,B+,aleatoria,50000,1000,32,30,156123.3,39901.0,143350.0,0.2556,5,142920.0,7647.1,4.0
busqueda,B+,ordenada,50000,1000,32,30,155186.7,11494.6,153650.0,0.0741,2,152971.4,8009.0,4.0
busqueda,Lista,aleatoria,100000,1000,0,30,169630623.3,6019743.0,168497500.0,0.0355,0,169630623.3,6019743.0,0.0
busqueda,ABB,aleatoria,100000,1000,0,30,865676.7,101631.3,840400.0,0.1174,4,840257.7,20493.2,39.9
busqueda,ABB,ordenada,100000,1000,0,30,230589826.7,4820622.8,231123750.0,0.0209,0,230589826.7,4820622.8,100000.0
busqueda,B+,aleatoria,100000,1000,32,30,170886.7,6737.0,170450.0,0.0394,3,170033.3,3881.8,4.0
busqueda,B+,ordenada,100000,1000,32,30,194093.3,7120.8,193350.0,0.0367,1,193110.3,4742.7,4.0
